{
    "keep": {
        "days": true,
        "amount": 14
    },
    "auditLog": "logs\\.9898631597298d74f2f31a22d14fc356b34270af-audit.json",
    "files": [
        {
            "date": 1741863581629,
            "name": "logs\\app-2025-03-13.log",
            "hash": "3855dfc05a9af65c26d67b3a26e5f5e202eb169c83a1affe2cb3f178889bd079"
        },
        {
            "date": 1741885878506,
            "name": "logs\\app-2025-03-14.log",
            "hash": "f4864342a709bda1e7d34564c425f3828c52d66c7159811d38c879b93900f647"
        },
        {
            "date": 1741971605959,
            "name": "logs\\app-2025-03-15.log",
            "hash": "fd8fe3c98b3a51bfab1c10daa30136bd1ed520f834fa7face1bece44829dc337"
        },
        {
            "date": 1742069957985,
            "name": "logs\\app-2025-03-16.log",
            "hash": "ebb6d837c3ad93f0b7f1ee703c43816f18dc9c12e0c5989cf2778a093313abd1"
        },
        {
            "date": 1742160211842,
            "name": "logs\\app-2025-03-17.log",
            "hash": "b1219db04cf3625534e40e566bb9e63298831521bde6c091b2e5a27147c48b0e"
        },
        {
            "date": 1742243471033,
            "name": "logs\\app-2025-03-18.log",
            "hash": "0132310de41694e216d36373964082283d01f2892591ec2e2bcddefcd45dff13"
        },
        {
            "date": 1742328517827,
            "name": "logs\\app-2025-03-19.log",
            "hash": "daf350eeb41a6394018909a1f5d8d6868b0fc7893884ff53e821dfe0673a57c7"
        },
        {
            "date": 1742549833034,
            "name": "logs\\app-2025-03-21.log",
            "hash": "145ea731b8cc6c6e5eff248dfa0cc9221ceb958fadf6c901d6511ac017746a7c"
        },
        {
            "date": 1742579082626,
            "name": "logs\\app-2025-03-22.log",
            "hash": "6004a3a777933c9090fdafa3258b7ec6a51f366e82f2ceef63bdec079460584b"
        },
        {
            "date": 1742664644066,
            "name": "logs\\app-2025-03-23.log",
            "hash": "1f170b5f7f16230619a155dc547528344e2ba7edc23e545cefd373cb9c574672"
        },
        {
            "date": 1742749928111,
            "name": "logs\\app-2025-03-24.log",
            "hash": "9ab43f2c7e41942350d43bde21f9e1c1d716833059c7a2b2f7e7793ec0896bb5"
        },
        {
            "date": 1742849149423,
            "name": "logs\\app-2025-03-25.log",
            "hash": "5054dc4557249a4e1df3a7218a9f9acbe7bd74d654d52cedab87ecbc535f1c40"
        }
    ],
    "hashType": "sha256"
}